"","Area","Travel To Work By Public Transit","Travel To Work By Walked","Travel To Work By Bicycle","Travel To Work By Car"
"1","Downtown Yonge",28.7519268749334,37.3305307409634,5.8562042107056,28.0613381733975
"2","Toronto CMA",15.9997223896584,5.04994834912937,1.45747402493087,77.4928552362814
